,step,time,holdings,price,n_k,rate,step_cost,cumulative_cost
0,0,0.0,100000.0,50.0,,,,0.0
1,1,0.01,67207.8438912579,50.19048762217731,32792.1561087421,3279215.61087421,269651.1794677465,269651.1794677465
2,2,0.02,45168.9428051166,50.129672176437296,22038.901086141297,2203890.1086141295,121798.58702711308,391449.7664948596
3,3,0.03,30357.07256779434,50.385044624118244,14811.870237322262,1481187.023732226,55015.13411171487,446464.9006065745
4,4,0.04,20402.333941318953,50.99176788202484,9954.738626475388,995473.8626475388,24849.754461079607,471314.6550676541
5,5,0.05,13711.968745454773,50.896433940836545,6690.36519586418,669036.519586418,11224.371379736538,482539.0264473906
6,6,0.06,9215.518548863252,50.80165504550772,4496.450196591521,449645.019659152,5069.92988874727,487608.9563361379
7,7,0.07,6193.551320089931,51.432584679903485,3021.967228773321,302196.7228773321,2290.0337317076815,489898.99006784556
8,8,0.08,4162.552302530985,51.73905082181026,2030.9990175589464,203099.90175589465,1034.3840264929274,490933.3740943385
9,9,0.09,2797.561653376966,51.55091981977399,1364.9906491540187,136499.06491540186,467.22032931186965,491400.59442365036
10,10,0.1,1880.180868763285,51.76771449201222,917.3807846136813,91738.07846136813,211.03848332074844,491611.6329069711
11,11,0.11,1263.6290231517164,51.58219327692583,616.5518456115685,61655.18456115685,95.32385182793774,491706.95675879903
12,12,0.12,849.2578212444328,51.395797782697244,414.37120190728365,41437.12019072836,43.05677611179379,491750.0135349108
13,13,0.13,570.7678707362566,51.492513068836026,278.4899505081762,27848.99505081762,19.44829057566337,491769.46182548645
14,14,0.14,383.60077954587734,50.72715417920011,187.1670911903792,18716.70911903792,8.78458724669459,491778.24641273316
15,15,0.15,257.80981308284163,50.03715559845329,125.79096646303572,12579.096646303571,3.967905189124907,491782.2143179223
16,16,0.16,173.26841671305877,49.812219451407806,84.54139636978286,8454.139636978285,1.7922608254371477,491784.00657874777
17,17,0.17,116.44996701736679,49.40707279866161,56.81844969569198,5681.844969569198,0.8095452671601859,491784.8161240149
18,18,0.18,78.2635120444532,49.53276218508597,38.186454972913594,3818.6454972913593,0.36566303870511585,491785.1817870536
19,19,0.19,52.59921899865156,49.16954613880422,25.664293045801635,2566.4293045801633,0.16516612881217116,491785.3469531824
20,20,0.2,35.35080099263461,48.6046203461656,17.248418006016948,1724.8418006016948,0.07460379425659211,491785.4215569767
21,21,0.21,23.758511145439037,49.190876955661764,11.592289847195573,1159.2289847195573,0.033697745158207684,491785.45525472186
22,22,0.22,15.967583081513723,49.100564487735134,7.790928063925314,779.0928063925314,0.015220915237124783,491785.4704756371
23,23,0.23,10.731468310630614,49.12757446058161,5.236114770883109,523.611477088311,0.0068751264978721745,491785.4773507636
24,24,0.24,7.212388469448411,48.55767430632627,3.5190798411822035,351.9079841182203,0.003105421955603297,491785.4804561856
25,25,0.25,4.8472907833779555,48.339920625241774,2.365097686070455,236.50976860704552,0.0014026862669839887,491785.4818588719
26,26,0.26,3.2577596226479772,48.38428926374293,1.5895311607299782,158.95311607299783,0.0006335785576692227,491785.48249245045
27,27,0.27,2.189470001541678,47.9238915657016,1.0682896211062993,106.82896211062993,0.0002861807363390937,491785.4827786312
28,28,0.28,1.4714955806820478,48.07417059354627,0.7179744208596301,71.79744208596301,0.00012926481311626695,491785.48290789605
29,29,0.29,0.9889604527315461,47.83391499694497,0.4825351279505017,48.25351279505017,5.838754950362752e-05,491785.48296628357
30,30,0.3,0.6646589972180926,47.7172374159523,0.32430145551345346,32.43014555134535,2.6373038840602633e-05,491785.4829926566
31,31,0.31,0.4467029812595344,47.476554716571535,0.21795601595855824,21.795601595855825,1.191242282988299e-05,491785.483004569
32,32,0.32,0.3002194423025019,48.21746595375423,0.14648353895703248,14.648353895703247,5.380715454733501e-06,491785.48300994973
33,33,0.33,0.20177101411386988,48.212067039246946,0.09844842818863203,9.844842818863203,2.4304122862546473e-06,491785.48301238014
34,34,0.34,0.13560594818345764,47.78898265112332,0.06616506593041224,6.616506593041224,1.0977915355068723e-06,491785.48301347793
35,35,0.35000000000000003,0.09113783396239798,48.118000604847566,0.04446811422105966,4.446811422105966,4.958608307925214e-07,491785.4830139738
36,36,0.36,0.061251773175322266,47.629663137387645,0.029886060787075716,2.9886060787075714,2.2397509505364682e-07,491785.4830141978
37,37,0.37,0.04116599609629783,47.7132085703681,0.02008577707902444,2.008577707902444,1.011671825824895e-07,491785.48301429895
38,38,0.38,0.027666778392681068,46.92934051744139,0.01349921770361676,1.349921770361676,4.569614683823258e-08,491785.48301434465
39,39,0.39,0.018594245231893302,46.398066095613885,0.009072533160787766,0.9072533160787766,2.0640466429503357e-08,491785.4830143653
40,40,0.4,0.012496791308208475,46.476810588437175,0.0060974539236848275,0.6097453923684827,9.323080476251665e-09,491785.4830143746
41,41,0.41000000000000003,0.008398823993837009,46.77219721941085,0.004097967314371466,0.40979673143714657,4.2111368879931105e-09,491785.4830143788
42,42,0.42,0.00564466851847951,46.8407445311983,0.0027541554753574993,0.2754155475357499,1.9021260123827208e-09,491785.48301438073
43,43,0.43,0.003793660006078676,46.79448521778025,0.0018510085124008335,0.18510085124008335,8.591702106144334e-10,491785.4830143816
44,44,0.44,0.002549637094650433,46.674043739233525,0.0012440229114282432,0.12440229114282432,3.880781010310334e-10,491785.483014382
45,45,0.45,0.0017135561183662606,46.08263494287753,0.0008360809762841723,0.08360809762841723,1.752907754938901e-10,491785.4830143822
46,46,0.46,0.001151644121020691,45.79469725937917,0.0005619119973455696,0.05619119973455696,7.91769901254806e-11,491785.48301438225
47,47,0.47000000000000003,0.0007739951830384326,45.61044175090085,0.00037764893798225834,0.03776489379822583,3.576340938459115e-11,491785.4830143823
48,48,0.48,0.0005201854743423238,46.03329064132496,0.00025380970869610876,0.025380970869610876,1.6153953930085695e-11,491785.4830143823
49,49,0.49,0.0003496054415409872,46.1707379571097,0.0001705800328013366,0.01705800328013366,7.296570211445292e-12,491785.4830143823
50,50,0.5,0.0002349622793862088,45.46552189493595,0.00011464316215477842,0.011464316215477843,3.295783625542899e-12,491785.4830143823
51,51,0.51,0.0001579130819332239,45.5951554826746,7.704919745298488e-05,0.007704919745298488,1.488670620801871e-12,491785.4830143823
52,52,0.52,0.00010612997758955495,45.441122570495125,5.178310434366896e-05,0.005178310434366896,6.724167812665714e-13,491785.4830143823
53,53,0.53,7.132766966021483e-05,45.170353770364045,3.480230792934012e-05,0.003480230792934012,3.03723551342304e-13,491785.4830143823
54,54,0.54,4.793778887650914e-05,45.415024285894546,2.338988078370569e-05,0.002338988078370569,1.3718871719147418e-13,491785.4830143823
55,55,0.55,3.221795431304494e-05,45.827424094889,1.5719834563464197e-05,0.0015719834563464197,6.196669320329015e-14,491785.4830143823
56,56,0.56,2.1652992439667958e-05,46.199936142532835,1.0564961873376984e-05,0.0010564961873376984,2.798970021121621e-14,491785.4830143823
57,57,0.5700000000000001,1.4552509356637855e-05,45.864249133242005,7.1004830830301025e-06,0.0007100483083030102,1.2642651679727877e-14,491785.4830143823
58,58,0.58,9.780427770669887e-06,45.74056418290033,4.772081585967968e-06,0.0004772081585967968,5.71055210626625e-15,491785.4830143823
59,59,0.59,6.573214628009006e-06,45.87306955546095,3.2072131426608814e-06,0.00032072131426608814,2.5793960147359063e-15,491785.4830143823
60,60,0.6,4.417715825829568e-06,46.263287606309355,2.1554988021794376e-06,0.00021554988021794375,1.165085910613533e-15,491785.4830143823
61,61,0.61,2.9690515557828645e-06,46.071617911170875,1.4486642700467037e-06,0.00014486642700467037,5.262569885955121e-16,491785.4830143823
62,62,0.62,1.995435534661421e-06,45.99735432050511,9.736160211214436e-07,9.736160211214436e-05,2.3770471818664927e-16,491785.4830143823
63,63,0.63,1.3410891990858062e-06,45.55482033090254,6.543463355756147e-07,6.543463355756146e-05,1.073687082028045e-16,491785.4830143823
64,64,0.64,9.013171353639209e-07,45.07633768127016,4.397720637218853e-07,4.3977206372188526e-05,4.8497310398730764e-17,491785.4830143823
